[
    {
        "id": "a9979949f6fc3916",
        "type": "tab",
        "label": "Fluxo 1",
        "disabled": false,
        "info": "",
        "env": []
    },
    {
        "id": "dd3573c53b21b818",
        "type": "postgreSQLConfig",
        "name": "",
        "host": "ep-hidden-band-ack0m9zy-pooler.sa-east-1.aws.neon.tech",
        "hostFieldType": "str",
        "port": 5432,
        "portFieldType": "num",
        "database": "neondb",
        "databaseFieldType": "str",
        "ssl": "true",
        "sslFieldType": "bool",
        "applicationName": "",
        "applicationNameType": "str",
        "max": 10,
        "maxFieldType": "num",
        "idle": 1000,
        "idleFieldType": "num",
        "connectionTimeout": 10000,
        "connectionTimeoutFieldType": "num",
        "user": "neondb_owner",
        "userFieldType": "str",
        "password": "npg_B8x1JcfQrjMH",
        "passwordFieldType": "str"
    },
    {
        "id": "56bde4199a6eed25",
        "type": "mqtt-broker",
        "name": "Mosquitto Local",
        "broker": "mosquitto",
        "port": 1883,
        "clientid": "",
        "autoConnect": true,
        "usetls": false,
        "protocolVersion": 4,
        "keepalive": 60,
        "cleansession": true,
        "autoUnsubscribe": true,
        "birthTopic": "",
        "birthQos": "0",
        "birthRetain": "false",
        "birthPayload": "",
        "birthMsg": {},
        "closeTopic": "",
        "closeQos": "0",
        "closeRetain": "false",
        "closePayload": "",
        "closeMsg": {},
        "willTopic": "",
        "willQos": "0",
        "willRetain": "false",
        "willPayload": "",
        "willMsg": {},
        "userProps": "",
        "sessionExpiry": ""
    },
    {
        "id": "85eef3b4b12f0af2",
        "type": "postgresql",
        "z": "a9979949f6fc3916",
        "name": "",
        "query": "SELECT * FROM medicoes ORDER BY id DESC LIMIT 1;",
        "postgreSQLConfig": "dd3573c53b21b818",
        "split": false,
        "rowsPerMsg": 1,
        "outputs": 1,
        "x": 410,
        "y": 260,
        "wires": [
            [
                "7abf98f8585a2385"
            ]
        ]
    },
    {
        "id": "bf2cad0d206425bb",
        "type": "inject",
        "z": "a9979949f6fc3916",
        "name": "",
        "props": [
            {
                "p": "payload"
            },
            {
                "p": "topic",
                "vt": "str"
            }
        ],
        "repeat": "",
        "crontab": "",
        "once": false,
        "onceDelay": 0.1,
        "topic": "",
        "payload": "",
        "payloadType": "date",
        "x": 220,
        "y": 260,
        "wires": [
            [
                "85eef3b4b12f0af2"
            ]
        ]
    },
    {
        "id": "7abf98f8585a2385",
        "type": "debug",
        "z": "a9979949f6fc3916",
        "name": "debug 1",
        "active": true,
        "tosidebar": true,
        "console": false,
        "tostatus": false,
        "complete": "false",
        "statusVal": "",
        "statusType": "auto",
        "x": 600,
        "y": 260,
        "wires": []
    },
    {
        "id": "41878616610123db",
        "type": "mqtt in",
        "z": "a9979949f6fc3916",
        "name": "",
        "topic": "iot/medicoes",
        "qos": "2",
        "datatype": "auto-detect",
        "broker": "56bde4199a6eed25",
        "nl": false,
        "rap": true,
        "rh": 0,
        "inputs": 0,
        "x": 150,
        "y": 400,
        "wires": [
            [
                "b73511695139e5da"
            ]
        ]
    },
    {
        "id": "b73511695139e5da",
        "type": "json",
        "z": "a9979949f6fc3916",
        "name": "",
        "property": "payload",
        "action": "",
        "pretty": false,
        "x": 310,
        "y": 400,
        "wires": [
            [
                "1cb5487ca15cd3e8"
            ]
        ]
    },
    {
        "id": "1cb5487ca15cd3e8",
        "type": "function",
        "z": "a9979949f6fc3916",
        "name": "function 1",
        "func": "// Pega os dados\nvar disp = msg.payload.dispositivo || 'Desconhecido';\nvar temp = msg.payload.temperatura;\nvar umid = msg.payload.umidade;\nvar porta = msg.payload.porta_aberta;\nvar ax = msg.payload.aceleracao_x;\nvar ay = msg.payload.aceleracao_y;\nvar az = msg.payload.aceleracao_z;\n\n// Trata valores vazios para não dar erro no SQL\nif (temp === undefined) temp = 'NULL';\nif (umid === undefined) umid = 'NULL';\nif (porta === undefined) porta = 'NULL';\nif (ax === undefined) ax = 'NULL';\nif (ay === undefined) ay = 'NULL';\nif (az === undefined) az = 'NULL';\n\n// IMPORTANTE: Mudamos de msg.topic para msg.payload\nmsg.payload = `INSERT INTO medicoes (dispositivo, temperatura, umidade, porta_aberta, aceleracao_x, aceleracao_y, aceleracao_z) VALUES ('${disp}', ${temp}, ${umid}, ${porta}, ${ax}, ${ay}, ${az})`;\n\nreturn msg;",
        "outputs": 1,
        "timeout": 0,
        "noerr": 0,
        "initialize": "",
        "finalize": "",
        "libs": [],
        "x": 480,
        "y": 400,
        "wires": [
            [
                "c8401b30f4241022"
            ]
        ]
    },
    {
        "id": "c8401b30f4241022",
        "type": "postgresql",
        "z": "a9979949f6fc3916",
        "name": "",
        "query": "",
        "postgreSQLConfig": "dd3573c53b21b818",
        "split": false,
        "rowsPerMsg": 1,
        "outputs": 1,
        "x": 690,
        "y": 400,
        "wires": [
            [
                "9dd2643a7526ccbb"
            ]
        ]
    },
    {
        "id": "b4ac28d3594008ad",
        "type": "inject",
        "z": "a9979949f6fc3916",
        "name": "",
        "props": [
            {
                "p": "payload"
            },
            {
                "p": "topic",
                "vt": "str"
            }
        ],
        "repeat": "",
        "crontab": "",
        "once": false,
        "onceDelay": 0.1,
        "topic": "",
        "payload": "{ \"dispositivo\": \"ESP_TESTE\", \"temperatura\": 25.5, \"umidade\": 60, \"porta_aberta\": 0 }",
        "payloadType": "json",
        "x": 90,
        "y": 500,
        "wires": [
            [
                "0fc702eadf39f83a"
            ]
        ]
    },
    {
        "id": "0fc702eadf39f83a",
        "type": "mqtt out",
        "z": "a9979949f6fc3916",
        "name": "",
        "topic": "iot/medicoes",
        "qos": "",
        "retain": "",
        "respTopic": "",
        "contentType": "",
        "userProps": "",
        "correl": "",
        "expiry": "",
        "broker": "56bde4199a6eed25",
        "x": 390,
        "y": 500,
        "wires": []
    },
    {
        "id": "9dd2643a7526ccbb",
        "type": "debug",
        "z": "a9979949f6fc3916",
        "name": "debug 2",
        "active": true,
        "tosidebar": true,
        "console": false,
        "tostatus": false,
        "complete": "false",
        "statusVal": "",
        "statusType": "auto",
        "x": 840,
        "y": 400,
        "wires": []
    }
]